theta_deg,tc_from_m,tc_from_epr,tc_estimated
306.0,0.7973684210526316,0.7973684210526316,0.7973684210526316
