theta_deg,tc_from_m,tc_from_epr,tc_estimated
306.0,0.2263157894736842,0.2263157894736842,0.2263157894736842
