theta_deg,tc_from_m,tc_from_epr,tc_estimated
306.0,0.8452631578947368,0.8452631578947368,0.8452631578947368
