theta_deg,tc_from_m,tc_from_epr,tc_estimated
306.0,0.8447368421052632,0.8447368421052632,0.8447368421052632
